"COD_AZI","DIPENDENZA","DIP_VIA","DIP_CAP","DIP_CIT","DIP_PRO","RAG_SOC","IND_VIA","IND_CAP","IND_CIT","IND_PRO","PAR_IVA"
1,TORTRETESTE,"VIA FRANCESCO TOVAGLIERI, 21/2","00155",ROMA,RM,C.R. MARKET S.P.A.,"VIA FRANCESCO TOVAGLIERI, 21/2","00155",ROMA,RM,"07161151001"
2,CASEIFICIO DOMUS,"VIA BERNARDINO ALIMENA, 111","00173",ROMA,RM,C.R. MARKET S.P.A.,"VIA BERNARDINO ALIMENA, 111","00173",ROMA,RM,"07161151001"
4,COOKERY LAB,VIA PIEVE TORINA,"00100",ROMA,RM,COOKERY SRL,VIA PIEVE TORINA,"00100",ROMA,RM,"15022571002"
5,FUSANO,"VIA DI CASTEL FUSANO, 36","00122",ROMA,RM,C.R. MARKET S.P.A.,"VIA DI CASTEL FUSANO, 36","00122",ROMA,RM,"07161151001"
6,CASSIA,"VIA DOMENICO FALCIONI, 12","00123",ROMA,RM,C.R. MARKET S.P.A.,VIA DOMENICO FALCIONI 12,"00123",ROMA,RM,"07161151001"
9,TIBURTINA,"VIA TIBURTINA KM.21,200","00019",GUIDONIA,RM,C.R. MARKET S.P.A.,"VIA TIBURTINA KM.21,200","00019",GUIDONIA,RM,"07161151001"
10,BAR UNIEURO,"VIA VALLE LUPARA, 10","00148",ROMA,RM,COOKERY SRL,VIA VALLE LUPARA 10,"00148",ROMA,RM,"15634031007"
11,ANAGNINA,VIA TORRE MEZZAVIA 35,"00173",ROMA,RM,CR ITALY S.R.L.,"VIA GIACOMO ANDREASSI, 30","00123",ROMA,RM,"15022571002"
12,BAR ANAGNINA,VIA TORRE MEZZAVIA 35,"00173",ROMA,RM,COOKERY SRL,"VIA GIACOMO ANDREASSI, 30","00123",ROMA,RM,"15634031007"
15,SANTANDREA,VIA QUARTO PEPERINO,"00188",ROMA,RM,C.R. MARKET S.P.A.,VIA QUARTO PEPERINO,"00188",ROMA,RM,"07161151001"
16,BAR SANTANDREA,VIA QUARTO PEPERINO,"00188",ROMA,RM,COOKERY SRL,VIA QUARTO PEPERINO,"00188",ROMA,RM,"15634031007"
17,FORNO DOMUS,"VIA BERNARDINO ALIMENA, 111","00173",ROMA,RM,COOKERY SRL,"VIA BERNARDINO ALIMENA, 111","00173",,,"15634031007"
18,FORNO CASSIA,"VIA DOMENICO FALCIONI, 12","00123",ROMA,RM,COOKERY SRL,"VIA DOMENICO FALCIONI, 12","00123",,,"15634031007"
19,UPIM CASSIA,"VIA DOMENICO FALCIONI, 12","00123",ROMA,RM,C.R. MARKET S.P.A.,"VIA DOMENICO FALCIONI, 12","00123",,,"07161151001"
20,PASTICCERIA ANAGNINA,VIA TORRE MEZZAVIA 35,"00173",ROMA,RM,COOKERY SRL,VIA TORRE DI MEZZAVIA 35,"00173",ROMA,RM,"15634031007"
25,DOMUS,"VIA BERNARDINO ALIMENA, 111","00173",ROMA,RM,C.R.MARKET S.P.A.,"VIA BERNARDINO ALIMENA, 111","00173",ROMA,RM,"07161151001"
22,GUIDONIA,"VIA MARIO VISINTINI, 51","00012",GUIDONIA,RM,C.R. MARKET S.P.A.,"VIA MARIO VISINTINI, 51","00012",GUIDONIA,RM,"07161151001"
24,PET GUIDONIA,"VIA MARIO VISINTINI, 51","00012",GUIDONIA,RM,C.R. MARKET S.P.A.,"VIA MARIO VISINTINI, 51","00012",,,"07161151001"
26,BAR DOMUS,"VIA BERNARDINO ALIMENA, 111","00173",ROMA,RM,COOKERY SRL,"VIA BERNARDINO ALIMENA, 111","00173",ROMA,RM,"15634031007"
28,RIETI,"VIA EMILIO GRECO, SNC","02100",RIETI,RI,CREF SRL,"VIA EMILIO GRECO, SNC","02100",RIETI,RI,"14065791007"
29,BAR RIETI,"VIA EMILIO GRECO, SNC","02100",RIETI,RI,COOKERY SRL,VIA EMILIO GRECO SNC,"02100",RIETI,RI,"15634031007"
35,TIBURTINO CC,"VIA DEI PIOPPI, 7","00012",GUIDONIA,RM,CR ITALY S.R.L.,"VIA DEI PIOPPI, 7","00012",GUIDONIA,RM,"15022571002"
36,BAR TIBURTINO,"VIA DEI PIOPPI, 7","00012",GUIDONIA,RM,COOKERY SRL,"VIA DEI PIOPPI, 7","00012",GUIDONIA,RM,"15634031007"
37,SUSHI TIBURTINO CC,"VIA DEI PIOPPI, 7","00012",GUIDONIA,RM,COOKERY SRL,"VIA DEI PIOPPI, 7","00012",GUIDONIA,RM,"15634031007"
38,MONTEROSI,S.S. CASSIA KM 40,"01030",MONTEROSI,VT,CR SUPERMERCATI SPA,S.S. CASSIA KM 40,"01030",MONTEROSI,VT,"17372701007"
39,BAR MONTEROSI,S.S. CASSIA KM 40,"01030",MONTEROSI,VT,COOKERY SRL,S.S. CASSIA KM 40,"01030",MONTEROSI,VT,"15634031007"
34,PET OLGIATA,VIA CASSIA ,"00100",ROMA,RM,CRAM SRL,VIA CASSIA,"00100",ROMA,RM,"16556081004"
40,SUSHI MONTEROSI,S.S. CASSIA KM 40,"01030",MONTEROSI,VT,COOKERY SRL,S.S. CASSIA KM 40,"01030",MONTEROSI,VT,"15634031007"
41,CITTADUCALE,"VIA DELLE SCIENZE, 10/20","02015",CITTADUCALE,RI,CREF SRL,"VIA GIACOMO ANDREASSI, 30","00123",ROMA,RM,"14065791007"
42,BAR CITTADUCALE,"VIA DELLE SCIENZE, 10/20","02015",CITTADUCALE,RI,COOKERY SRL,"VIA GIACOMO ANDREASSI, 30","00123",ROMA,RM,"15634031007"
43,TABACCHERIA MONTEROSI,S.S. CASSIA KM 40,"01030",MONTEROSI,VT,EDOARDO RIBECA,S.S. CASSIA KM 40,"01030",MONTEROSI,VT,"0          "
